<?xml version="1.0" encoding="UTF-8"?>
<export version="E">
  <design>
    <source>D:\jordy\Games\Unity_Games\ML-Agents\Shared projects\AirQualityHoboken\Kicad\ESP32-aqs\ESP32-aqs.kicad_sch</source>
    <date>10/10/2023 18:38:30</date>
    <tool>Eeschema 7.0.8</tool>
    <sheet number="1" name="/" tstamps="/">
      <title_block>
        <title/>
        <company/>
        <rev/>
        <date/>
        <source>ESP32-aqs.kicad_sch</source>
        <comment number="1" value=""/>
        <comment number="2" value=""/>
        <comment number="3" value=""/>
        <comment number="4" value=""/>
        <comment number="5" value=""/>
        <comment number="6" value=""/>
        <comment number="7" value=""/>
        <comment number="8" value=""/>
        <comment number="9" value=""/>
      </title_block>
    </sheet>
  </design>
  <components>
    <comp ref="C1">
      <value>100nF</value>
      <footprint>Capacitor_SMD:C_0805_2012Metric_Pad1.18x1.45mm_HandSolder</footprint>
      <libsource lib="Device" part="C_Polarized_Small" description="Polarized capacitor, small symbol"/>
      <property name="Sheetname" value=""/>
      <property name="Sheetfile" value="ESP32-aqs.kicad_sch"/>
      <property name="ki_description" value="Polarized capacitor, small symbol"/>
      <property name="ki_keywords" value="cap capacitor"/>
      <sheetpath names="/" tstamps="/"/>
      <tstamps>5eb50005-9579-476c-b29b-5635633f1459</tstamps>
    </comp>
    <comp ref="C2">
      <value>10µF</value>
      <footprint>Capacitor_SMD:C_0805_2012Metric_Pad1.18x1.45mm_HandSolder</footprint>
      <libsource lib="Device" part="C_Polarized_Small" description="Polarized capacitor, small symbol"/>
      <property name="Sheetname" value=""/>
      <property name="Sheetfile" value="ESP32-aqs.kicad_sch"/>
      <property name="ki_description" value="Polarized capacitor, small symbol"/>
      <property name="ki_keywords" value="cap capacitor"/>
      <sheetpath names="/" tstamps="/"/>
      <tstamps>cb4a106e-e8c6-46c4-bfc9-0bd4f1e1876a</tstamps>
    </comp>
    <comp ref="C3">
      <value>1µF</value>
      <footprint>Capacitor_SMD:C_0805_2012Metric_Pad1.18x1.45mm_HandSolder</footprint>
      <libsource lib="Device" part="C_Small" description="Unpolarized capacitor, small symbol"/>
      <property name="Sheetname" value=""/>
      <property name="Sheetfile" value="ESP32-aqs.kicad_sch"/>
      <property name="ki_description" value="Unpolarized capacitor, small symbol"/>
      <property name="ki_keywords" value="capacitor cap"/>
      <sheetpath names="/" tstamps="/"/>
      <tstamps>4711bdd6-1e77-4ff9-904a-11be55f73d66</tstamps>
    </comp>
    <comp ref="C4">
      <value>1µF</value>
      <footprint>Capacitor_SMD:C_0805_2012Metric_Pad1.18x1.45mm_HandSolder</footprint>
      <libsource lib="Device" part="C_Small" description="Unpolarized capacitor, small symbol"/>
      <property name="Sheetname" value=""/>
      <property name="Sheetfile" value="ESP32-aqs.kicad_sch"/>
      <property name="ki_description" value="Unpolarized capacitor, small symbol"/>
      <property name="ki_keywords" value="capacitor cap"/>
      <sheetpath names="/" tstamps="/"/>
      <tstamps>d4c417e1-e2b5-480e-a59d-80d878c5614f</tstamps>
    </comp>
    <comp ref="C5">
      <value>1µF</value>
      <footprint>Capacitor_SMD:C_0805_2012Metric_Pad1.18x1.45mm_HandSolder</footprint>
      <libsource lib="Device" part="C_Small" description="Unpolarized capacitor, small symbol"/>
      <property name="Sheetname" value=""/>
      <property name="Sheetfile" value="ESP32-aqs.kicad_sch"/>
      <property name="ki_description" value="Unpolarized capacitor, small symbol"/>
      <property name="ki_keywords" value="capacitor cap"/>
      <sheetpath names="/" tstamps="/"/>
      <tstamps>52a7d19b-3883-4bb7-b553-c4c08011fb13</tstamps>
    </comp>
    <comp ref="C6">
      <value>10µF</value>
      <footprint>Capacitor_SMD:C_0805_2012Metric_Pad1.18x1.45mm_HandSolder</footprint>
      <libsource lib="Device" part="C_Small" description="Unpolarized capacitor, small symbol"/>
      <property name="Sheetname" value=""/>
      <property name="Sheetfile" value="ESP32-aqs.kicad_sch"/>
      <property name="ki_description" value="Unpolarized capacitor, small symbol"/>
      <property name="ki_keywords" value="capacitor cap"/>
      <sheetpath names="/" tstamps="/"/>
      <tstamps>159dccaf-d6aa-4d72-8b45-cd89e53ad4b1</tstamps>
    </comp>
    <comp ref="C7">
      <value>0.1µF</value>
      <footprint>Capacitor_SMD:C_0805_2012Metric_Pad1.18x1.45mm_HandSolder</footprint>
      <libsource lib="Device" part="C_Small" description="Unpolarized capacitor, small symbol"/>
      <property name="Sheetname" value=""/>
      <property name="Sheetfile" value="ESP32-aqs.kicad_sch"/>
      <property name="ki_description" value="Unpolarized capacitor, small symbol"/>
      <property name="ki_keywords" value="capacitor cap"/>
      <sheetpath names="/" tstamps="/"/>
      <tstamps>a137e2f8-ea4d-466f-a6cd-b35a18cee2f3</tstamps>
    </comp>
    <comp ref="C8">
      <value>100nF</value>
      <footprint>Capacitor_SMD:C_0805_2012Metric_Pad1.18x1.45mm_HandSolder</footprint>
      <libsource lib="Device" part="C_Small" description="Unpolarized capacitor, small symbol"/>
      <property name="Sheetname" value=""/>
      <property name="Sheetfile" value="ESP32-aqs.kicad_sch"/>
      <property name="ki_description" value="Unpolarized capacitor, small symbol"/>
      <property name="ki_keywords" value="capacitor cap"/>
      <sheetpath names="/" tstamps="/"/>
      <tstamps>30b8aee3-3f84-4deb-8144-8f321cff37a2</tstamps>
    </comp>
    <comp ref="C9">
      <value>1µF</value>
      <footprint>Capacitor_SMD:C_0805_2012Metric_Pad1.18x1.45mm_HandSolder</footprint>
      <libsource lib="Device" part="C_Small" description="Unpolarized capacitor, small symbol"/>
      <property name="Sheetname" value=""/>
      <property name="Sheetfile" value="ESP32-aqs.kicad_sch"/>
      <property name="ki_description" value="Unpolarized capacitor, small symbol"/>
      <property name="ki_keywords" value="capacitor cap"/>
      <sheetpath names="/" tstamps="/"/>
      <tstamps>dce67a33-3906-4a7b-bcae-2fb35d993a30</tstamps>
    </comp>
    <comp ref="C10">
      <value>1µF</value>
      <footprint>Capacitor_SMD:C_0805_2012Metric_Pad1.18x1.45mm_HandSolder</footprint>
      <libsource lib="Device" part="C_Small" description="Unpolarized capacitor, small symbol"/>
      <property name="Sheetname" value=""/>
      <property name="Sheetfile" value="ESP32-aqs.kicad_sch"/>
      <property name="ki_description" value="Unpolarized capacitor, small symbol"/>
      <property name="ki_keywords" value="capacitor cap"/>
      <sheetpath names="/" tstamps="/"/>
      <tstamps>dfef823e-dd11-4c0e-bf4c-87cd1a00bd25</tstamps>
    </comp>
    <comp ref="D1">
      <value>LED</value>
      <footprint>LED_SMD:LED_0805_2012Metric_Pad1.15x1.40mm_HandSolder</footprint>
      <libsource lib="Device" part="LED" description="Light emitting diode"/>
      <property name="Sheetname" value=""/>
      <property name="Sheetfile" value="ESP32-aqs.kicad_sch"/>
      <property name="ki_description" value="Light emitting diode"/>
      <property name="ki_keywords" value="LED diode"/>
      <sheetpath names="/" tstamps="/"/>
      <tstamps>81e19946-b4b9-4227-a222-c0896dc1b4e5</tstamps>
    </comp>
    <comp ref="H1">
      <value>MountingHole</value>
      <footprint>MountingHole:MountingHole_2.2mm_M2_ISO7380_Pad</footprint>
      <libsource lib="Mechanical" part="MountingHole" description="Mounting Hole without connection"/>
      <property name="Sheetname" value=""/>
      <property name="Sheetfile" value="ESP32-aqs.kicad_sch"/>
      <property name="ki_description" value="Mounting Hole without connection"/>
      <property name="ki_keywords" value="mounting hole"/>
      <sheetpath names="/" tstamps="/"/>
      <tstamps>b1ad8526-23bb-4977-894e-765ac9093775</tstamps>
    </comp>
    <comp ref="H2">
      <value>MountingHole</value>
      <footprint>MountingHole:MountingHole_2.2mm_M2_ISO7380_Pad</footprint>
      <libsource lib="Mechanical" part="MountingHole" description="Mounting Hole without connection"/>
      <property name="Sheetname" value=""/>
      <property name="Sheetfile" value="ESP32-aqs.kicad_sch"/>
      <property name="ki_description" value="Mounting Hole without connection"/>
      <property name="ki_keywords" value="mounting hole"/>
      <sheetpath names="/" tstamps="/"/>
      <tstamps>82ef7286-f55d-4878-a4f1-65a4d088ac0f</tstamps>
    </comp>
    <comp ref="H3">
      <value>MountingHole</value>
      <footprint>MountingHole:MountingHole_2.2mm_M2_ISO7380_Pad</footprint>
      <libsource lib="Mechanical" part="MountingHole" description="Mounting Hole without connection"/>
      <property name="Sheetname" value=""/>
      <property name="Sheetfile" value="ESP32-aqs.kicad_sch"/>
      <property name="ki_description" value="Mounting Hole without connection"/>
      <property name="ki_keywords" value="mounting hole"/>
      <sheetpath names="/" tstamps="/"/>
      <tstamps>6c6dce6b-c307-46fa-9b67-a1d81235a53a</tstamps>
    </comp>
    <comp ref="H4">
      <value>MountingHole</value>
      <footprint>MountingHole:MountingHole_2.2mm_M2_ISO7380_Pad</footprint>
      <libsource lib="Mechanical" part="MountingHole" description="Mounting Hole without connection"/>
      <property name="Sheetname" value=""/>
      <property name="Sheetfile" value="ESP32-aqs.kicad_sch"/>
      <property name="ki_description" value="Mounting Hole without connection"/>
      <property name="ki_keywords" value="mounting hole"/>
      <sheetpath names="/" tstamps="/"/>
      <tstamps>49a1c326-c47a-49ca-a6cb-dce262541eaa</tstamps>
    </comp>
    <comp ref="J1">
      <value>UART Connector</value>
      <footprint>Connector_PinHeader_2.54mm:PinHeader_1x06_P2.54mm_Vertical</footprint>
      <libsource lib="Connector" part="Conn_01x06_Male" description="Generic connector, single row, 01x06, script generated (kicad-library-utils/schlib/autogen/connector/)"/>
      <property name="Sheetname" value=""/>
      <property name="Sheetfile" value="ESP32-aqs.kicad_sch"/>
      <property name="ki_description" value="Generic connector, single row, 01x06, script generated (kicad-library-utils/schlib/autogen/connector/)"/>
      <property name="ki_keywords" value="connector"/>
      <sheetpath names="/" tstamps="/"/>
      <tstamps>521d1ede-6790-43fb-a53b-140fdaad5065</tstamps>
    </comp>
    <comp ref="J2">
      <value>JST connector SEN55</value>
      <footprint>ESP32-aqs:JST_BM06B-GHS-TBT_LF__SN__N_</footprint>
      <fields>
        <field name="Availability">Not in stock</field>
        <field name="Check_prices">https://www.snapeda.com/parts/BM06B-GHS-TBT(LF)(SN)(N)/JST+Sales+America+Inc./view-part/?ref=eda</field>
        <field name="Description">
Connector Header Surface Mount 6 position 0.049 (1.25mm)
</field>
        <field name="MANUFACTURER">JST</field>
        <field name="MAXIMUM_PACKAGE_HEIGHT">4.05mm</field>
        <field name="MF">JST Sales</field>
        <field name="MP">BM06B-GHS-TBT(LF)(SN)(N)</field>
        <field name="PARTREV">N/A</field>
        <field name="Package">None</field>
        <field name="Price">None</field>
        <field name="STANDARD">Manufacturer Recommendations</field>
        <field name="SnapEDA_Link">https://www.snapeda.com/parts/BM06B-GHS-TBT(LF)(SN)(N)/JST+Sales+America+Inc./view-part/?ref=snap</field>
      </fields>
      <libsource lib="ESP32-aqs" part="BM06B-GHS-TBT_LF__SN__N_" description=""/>
      <property name="MF" value="JST Sales"/>
      <property name="MAXIMUM_PACKAGE_HEIGHT" value="4.05mm"/>
      <property name="Package" value="None"/>
      <property name="Price" value="None"/>
      <property name="Check_prices" value="https://www.snapeda.com/parts/BM06B-GHS-TBT(LF)(SN)(N)/JST+Sales+America+Inc./view-part/?ref=eda"/>
      <property name="STANDARD" value="Manufacturer Recommendations"/>
      <property name="PARTREV" value="N/A"/>
      <property name="SnapEDA_Link" value="https://www.snapeda.com/parts/BM06B-GHS-TBT(LF)(SN)(N)/JST+Sales+America+Inc./view-part/?ref=snap"/>
      <property name="MP" value="BM06B-GHS-TBT(LF)(SN)(N)"/>
      <property name="Description" value="&#xA;Connector Header Surface Mount 6 position 0.049 (1.25mm)&#xA;"/>
      <property name="Availability" value="Not in stock"/>
      <property name="MANUFACTURER" value="JST"/>
      <property name="Sheetname" value=""/>
      <property name="Sheetfile" value="ESP32-aqs.kicad_sch"/>
      <sheetpath names="/" tstamps="/"/>
      <tstamps>7efb0fbf-48c1-41d5-9c45-f98e30e0ad7c</tstamps>
    </comp>
    <comp ref="J3">
      <value>ufl connector</value>
      <footprint>Connector_Coaxial:U.FL_Molex_MCRF_73412-0110_Vertical</footprint>
      <datasheet> ~</datasheet>
      <libsource lib="Connector" part="Conn_Coaxial" description="coaxial connector (BNC, SMA, SMB, SMC, Cinch/RCA, LEMO, ...)"/>
      <property name="Sheetname" value=""/>
      <property name="Sheetfile" value="ESP32-aqs.kicad_sch"/>
      <property name="ki_description" value="coaxial connector (BNC, SMA, SMB, SMC, Cinch/RCA, LEMO, ...)"/>
      <property name="ki_keywords" value="BNC SMA SMB SMC LEMO coaxial connector CINCH RCA"/>
      <sheetpath names="/" tstamps="/"/>
      <tstamps>3330ab44-35d8-4c9d-b0f1-78cbc56d413e</tstamps>
    </comp>
    <comp ref="R1">
      <value>1kΩ</value>
      <footprint>Resistor_SMD:R_0805_2012Metric_Pad1.20x1.40mm_HandSolder</footprint>
      <libsource lib="Device" part="R" description="Resistor"/>
      <property name="Sheetname" value=""/>
      <property name="Sheetfile" value="ESP32-aqs.kicad_sch"/>
      <property name="ki_description" value="Resistor"/>
      <property name="ki_keywords" value="R res resistor"/>
      <sheetpath names="/" tstamps="/"/>
      <tstamps>1e7da75b-5e17-4a6a-aa90-e277aabbd436</tstamps>
    </comp>
    <comp ref="R2">
      <value>4k7</value>
      <footprint>Resistor_SMD:R_0805_2012Metric_Pad1.20x1.40mm_HandSolder</footprint>
      <libsource lib="Device" part="R_Small" description="Resistor, small symbol"/>
      <property name="Sheetname" value=""/>
      <property name="Sheetfile" value="ESP32-aqs.kicad_sch"/>
      <property name="ki_description" value="Resistor, small symbol"/>
      <property name="ki_keywords" value="R resistor"/>
      <sheetpath names="/" tstamps="/"/>
      <tstamps>250717f9-4ac8-4749-9271-f87b01693a54</tstamps>
    </comp>
    <comp ref="R3">
      <value>10k</value>
      <footprint>Resistor_SMD:R_0805_2012Metric_Pad1.20x1.40mm_HandSolder</footprint>
      <libsource lib="Device" part="R_Small" description="Resistor, small symbol"/>
      <property name="Sheetname" value=""/>
      <property name="Sheetfile" value="ESP32-aqs.kicad_sch"/>
      <property name="ki_description" value="Resistor, small symbol"/>
      <property name="ki_keywords" value="R resistor"/>
      <sheetpath names="/" tstamps="/"/>
      <tstamps>cbd41890-1366-48d1-bebd-2813f5d6fd07</tstamps>
    </comp>
    <comp ref="R4">
      <value>4k7</value>
      <footprint>Resistor_SMD:R_0805_2012Metric_Pad1.20x1.40mm_HandSolder</footprint>
      <libsource lib="Device" part="R_Small" description="Resistor, small symbol"/>
      <property name="Sheetname" value=""/>
      <property name="Sheetfile" value="ESP32-aqs.kicad_sch"/>
      <property name="ki_description" value="Resistor, small symbol"/>
      <property name="ki_keywords" value="R resistor"/>
      <sheetpath names="/" tstamps="/"/>
      <tstamps>931181fc-7cb6-451d-ab20-9f567cbe29fe</tstamps>
    </comp>
    <comp ref="R5">
      <value>4k7</value>
      <footprint>Resistor_SMD:R_0805_2012Metric_Pad1.20x1.40mm_HandSolder</footprint>
      <libsource lib="Device" part="R_Small" description="Resistor, small symbol"/>
      <property name="Sheetname" value=""/>
      <property name="Sheetfile" value="ESP32-aqs.kicad_sch"/>
      <property name="ki_description" value="Resistor, small symbol"/>
      <property name="ki_keywords" value="R resistor"/>
      <sheetpath names="/" tstamps="/"/>
      <tstamps>c88a6a9d-9894-4bbd-aae7-f610e1ff94b9</tstamps>
    </comp>
    <comp ref="SW1">
      <value>RESET</value>
      <footprint>Button_Switch_THT:SW_PUSH_6mm_H7.3mm</footprint>
      <libsource lib="Switch" part="SW_DIP_x01" description="1x DIP Switch, Single Pole Single Throw (SPST) switch, small symbol"/>
      <property name="Sheetname" value=""/>
      <property name="Sheetfile" value="ESP32-aqs.kicad_sch"/>
      <property name="ki_description" value="1x DIP Switch, Single Pole Single Throw (SPST) switch, small symbol"/>
      <property name="ki_keywords" value="dip switch"/>
      <sheetpath names="/" tstamps="/"/>
      <tstamps>e5c7872b-ca73-4bf5-aa72-6d9bb8c32cdd</tstamps>
    </comp>
    <comp ref="SW2">
      <value>BOOT</value>
      <footprint>Button_Switch_THT:SW_PUSH_6mm_H7.3mm</footprint>
      <libsource lib="Switch" part="SW_DIP_x01" description="1x DIP Switch, Single Pole Single Throw (SPST) switch, small symbol"/>
      <property name="Sheetname" value=""/>
      <property name="Sheetfile" value="ESP32-aqs.kicad_sch"/>
      <property name="ki_description" value="1x DIP Switch, Single Pole Single Throw (SPST) switch, small symbol"/>
      <property name="ki_keywords" value="dip switch"/>
      <sheetpath names="/" tstamps="/"/>
      <tstamps>ec06a415-07f0-4137-aa97-5c2522862fa3</tstamps>
    </comp>
    <comp ref="TP1">
      <value>VDD</value>
      <footprint>TestPoint:TestPoint_THTPad_1.0x1.0mm_Drill0.5mm</footprint>
      <libsource lib="Connector" part="TestPoint" description="test point"/>
      <property name="Sheetname" value=""/>
      <property name="Sheetfile" value="ESP32-aqs.kicad_sch"/>
      <property name="ki_description" value="test point"/>
      <property name="ki_keywords" value="test point tp"/>
      <sheetpath names="/" tstamps="/"/>
      <tstamps>389026e2-41f2-4261-aab1-fb698d527347</tstamps>
    </comp>
    <comp ref="U1">
      <value>LD1117S33TR_SOT223</value>
      <footprint>Package_TO_SOT_SMD:SOT-223-3_TabPin2</footprint>
      <datasheet>http://www.st.com/st-web-ui/static/active/en/resource/technical/document/datasheet/CD00000544.pdf</datasheet>
      <libsource lib="LUYTSM" part="LD1117S33TR_SOT223" description="800mA Fixed Low Drop Positive Voltage Regulator, Fixed Output 3.3V, SOT-223"/>
      <property name="Sheetname" value=""/>
      <property name="Sheetfile" value="ESP32-aqs.kicad_sch"/>
      <property name="ki_description" value="800mA Fixed Low Drop Positive Voltage Regulator, Fixed Output 3.3V, SOT-223"/>
      <property name="ki_keywords" value="REGULATOR LDO 3.3V"/>
      <sheetpath names="/" tstamps="/"/>
      <tstamps>cda82d4e-6e28-4fcd-9fe4-471d1c7e2013</tstamps>
    </comp>
    <comp ref="U2">
      <value>ESP32-WROOM-32</value>
      <footprint>ESP32-aqs:MODULE_ESP32-WROOM-32</footprint>
      <fields>
        <field name="Availability">Not in stock</field>
        <field name="Check_prices">https://www.snapeda.com/parts/ESP32-WROOM-32/Espressif+Systems/view-part/?ref=eda</field>
        <field name="Description">
Bluetooth, WiFi 802.11b/g/n, Bluetooth v4.2 +EDR, Class 1, 2 and 3 Transceiver Module 2.4GHz ~ 2.5GHz Antenna Not Included, U.FL Surface Mount
</field>
        <field name="LCSC">C718834</field>
        <field name="MANUFACTURER">Espressif Systems</field>
        <field name="MAXIMUM_PACKAGE_HEIGHT">3.2 mm</field>
        <field name="MF">Espressif Systems</field>
        <field name="MP">ESP32-WROOM-32</field>
        <field name="PARTREV">2.9</field>
        <field name="Package">Non Standard Espressif Systems</field>
        <field name="Price">None</field>
        <field name="STANDARD">Manufacturer Recommendations</field>
        <field name="SnapEDA_Link">https://www.snapeda.com/parts/ESP32-WROOM-32/Espressif+Systems/view-part/?ref=snap</field>
      </fields>
      <libsource lib="ESP32-aqs" part="ESP32-WROOM-32" description=""/>
      <property name="MF" value="Espressif Systems"/>
      <property name="MAXIMUM_PACKAGE_HEIGHT" value="3.2 mm"/>
      <property name="Package" value="Non Standard Espressif Systems"/>
      <property name="Price" value="None"/>
      <property name="Check_prices" value="https://www.snapeda.com/parts/ESP32-WROOM-32/Espressif+Systems/view-part/?ref=eda"/>
      <property name="STANDARD" value="Manufacturer Recommendations"/>
      <property name="PARTREV" value="2.9"/>
      <property name="SnapEDA_Link" value="https://www.snapeda.com/parts/ESP32-WROOM-32/Espressif+Systems/view-part/?ref=snap"/>
      <property name="MP" value="ESP32-WROOM-32"/>
      <property name="Description" value="&#xA;Bluetooth, WiFi 802.11b/g/n, Bluetooth v4.2 +EDR, Class 1, 2 and 3 Transceiver Module 2.4GHz ~ 2.5GHz Antenna Not Included, U.FL Surface Mount&#xA;"/>
      <property name="Availability" value="Not in stock"/>
      <property name="MANUFACTURER" value="Espressif Systems"/>
      <property name="LCSC" value="C718834"/>
      <property name="Sheetname" value=""/>
      <property name="Sheetfile" value="ESP32-aqs.kicad_sch"/>
      <sheetpath names="/" tstamps="/"/>
      <tstamps>d8279353-0c65-455f-98b0-770d137bccc4</tstamps>
    </comp>
    <comp ref="U3">
      <value>SGP41-D-R4</value>
      <footprint>Library:SGP41</footprint>
      <fields>
        <field name="MANUFACTURER">Sensirion</field>
        <field name="MAXIMUM_PACKAGE_HEIGHT">0.95 mm</field>
        <field name="PARTREV">1.0</field>
        <field name="STANDARD">Manufacturer Recommendations</field>
      </fields>
      <libsource lib="ESP32-aqs" part="SGP41-D-R4" description=""/>
      <property name="STANDARD" value="Manufacturer Recommendations"/>
      <property name="PARTREV" value="1.0"/>
      <property name="MANUFACTURER" value="Sensirion"/>
      <property name="MAXIMUM_PACKAGE_HEIGHT" value="0.95 mm"/>
      <property name="Sheetname" value=""/>
      <property name="Sheetfile" value="ESP32-aqs.kicad_sch"/>
      <sheetpath names="/" tstamps="/"/>
      <tstamps>e1d83833-1e28-475b-ade5-d2f7fcb743ac</tstamps>
    </comp>
    <comp ref="U4">
      <value>SX1276S8S+T-X1</value>
      <footprint>ESP32-aqs:SX1276S8S+T-X1</footprint>
      <fields>
        <field name="LCSC">C2844472</field>
      </fields>
      <libsource lib="ESP32-aqs" part="SX1276S8S+T-X1" description=""/>
      <property name="LCSC" value="C2844472"/>
      <property name="Sheetname" value=""/>
      <property name="Sheetfile" value="ESP32-aqs.kicad_sch"/>
      <sheetpath names="/" tstamps="/"/>
      <tstamps>19388028-c91a-4776-82f6-a00502e49ed2</tstamps>
    </comp>
  </components>
  <libparts>
    <libpart lib="Connector" part="Conn_01x06_Male">
      <description>Generic connector, single row, 01x06, script generated (kicad-library-utils/schlib/autogen/connector/)</description>
      <docs>~</docs>
      <footprints>
        <fp>Connector*:*_1x??_*</fp>
      </footprints>
      <fields>
        <field name="Reference">J</field>
        <field name="Value">Conn_01x06_Male</field>
        <field name="Datasheet">~</field>
      </fields>
      <pins>
        <pin num="1" name="Pin_1" type="passive"/>
        <pin num="2" name="Pin_2" type="passive"/>
        <pin num="3" name="Pin_3" type="passive"/>
        <pin num="4" name="Pin_4" type="passive"/>
        <pin num="5" name="Pin_5" type="passive"/>
        <pin num="6" name="Pin_6" type="passive"/>
      </pins>
    </libpart>
    <libpart lib="Connector" part="Conn_Coaxial">
      <description>coaxial connector (BNC, SMA, SMB, SMC, Cinch/RCA, LEMO, ...)</description>
      <docs> ~</docs>
      <footprints>
        <fp>*BNC*</fp>
        <fp>*SMA*</fp>
        <fp>*SMB*</fp>
        <fp>*SMC*</fp>
        <fp>*Cinch*</fp>
        <fp>*LEMO*</fp>
      </footprints>
      <fields>
        <field name="Reference">J</field>
        <field name="Value">Conn_Coaxial</field>
        <field name="Datasheet"> ~</field>
      </fields>
      <pins>
        <pin num="1" name="In" type="passive"/>
        <pin num="2" name="Ext" type="passive"/>
      </pins>
    </libpart>
    <libpart lib="Connector" part="TestPoint">
      <description>test point</description>
      <docs>~</docs>
      <footprints>
        <fp>Pin*</fp>
        <fp>Test*</fp>
      </footprints>
      <fields>
        <field name="Reference">TP</field>
        <field name="Value">TestPoint</field>
        <field name="Datasheet">~</field>
      </fields>
      <pins>
        <pin num="1" name="1" type="passive"/>
      </pins>
    </libpart>
    <libpart lib="Device" part="C_Polarized_Small">
      <description>Polarized capacitor, small symbol</description>
      <docs>~</docs>
      <footprints>
        <fp>CP_*</fp>
      </footprints>
      <fields>
        <field name="Reference">C</field>
        <field name="Value">C_Polarized_Small</field>
        <field name="Datasheet">~</field>
      </fields>
      <pins>
        <pin num="1" name="" type="passive"/>
        <pin num="2" name="" type="passive"/>
      </pins>
    </libpart>
    <libpart lib="Device" part="C_Small">
      <description>Unpolarized capacitor, small symbol</description>
      <docs>~</docs>
      <footprints>
        <fp>C_*</fp>
      </footprints>
      <fields>
        <field name="Reference">C</field>
        <field name="Value">C_Small</field>
        <field name="Datasheet">~</field>
      </fields>
      <pins>
        <pin num="1" name="" type="passive"/>
        <pin num="2" name="" type="passive"/>
      </pins>
    </libpart>
    <libpart lib="Device" part="LED">
      <description>Light emitting diode</description>
      <docs>~</docs>
      <footprints>
        <fp>LED*</fp>
        <fp>LED_SMD:*</fp>
        <fp>LED_THT:*</fp>
      </footprints>
      <fields>
        <field name="Reference">D</field>
        <field name="Value">LED</field>
        <field name="Datasheet">~</field>
      </fields>
      <pins>
        <pin num="1" name="K" type="passive"/>
        <pin num="2" name="A" type="passive"/>
      </pins>
    </libpart>
    <libpart lib="Device" part="R">
      <description>Resistor</description>
      <docs>~</docs>
      <footprints>
        <fp>R_*</fp>
      </footprints>
      <fields>
        <field name="Reference">R</field>
        <field name="Value">R</field>
        <field name="Datasheet">~</field>
      </fields>
      <pins>
        <pin num="1" name="" type="passive"/>
        <pin num="2" name="" type="passive"/>
      </pins>
    </libpart>
    <libpart lib="Device" part="R_Small">
      <description>Resistor, small symbol</description>
      <docs>~</docs>
      <footprints>
        <fp>R_*</fp>
      </footprints>
      <fields>
        <field name="Reference">R</field>
        <field name="Value">R_Small</field>
        <field name="Datasheet">~</field>
      </fields>
      <pins>
        <pin num="1" name="" type="passive"/>
        <pin num="2" name="" type="passive"/>
      </pins>
    </libpart>
    <libpart lib="ESP32-aqs" part="BM06B-GHS-TBT_LF__SN__N_">
      <fields>
        <field name="Reference">J</field>
        <field name="Value">BM06B-GHS-TBT_LF__SN__N_</field>
        <field name="Footprint">BM06B-GHS-TBT_LF__SN__N_:JST_BM06B-GHS-TBT_LF__SN__N_</field>
        <field name="MF">JST Sales</field>
        <field name="MAXIMUM_PACKAGE_HEIGHT">4.05mm</field>
        <field name="Package">None</field>
        <field name="Price">None</field>
        <field name="Check_prices">https://www.snapeda.com/parts/BM06B-GHS-TBT(LF)(SN)(N)/JST+Sales+America+Inc./view-part/?ref=eda</field>
        <field name="STANDARD">Manufacturer Recommendations</field>
        <field name="PARTREV">N/A</field>
        <field name="SnapEDA_Link">https://www.snapeda.com/parts/BM06B-GHS-TBT(LF)(SN)(N)/JST+Sales+America+Inc./view-part/?ref=snap</field>
        <field name="MP">BM06B-GHS-TBT(LF)(SN)(N)</field>
        <field name="Description">
Connector Header Surface Mount 6 position 0.049 (1.25mm)
</field>
        <field name="Availability">Not in stock</field>
        <field name="MANUFACTURER">JST</field>
      </fields>
      <pins>
        <pin num="1" name="1" type="passive"/>
        <pin num="2" name="2" type="passive"/>
        <pin num="3" name="3" type="passive"/>
        <pin num="4" name="4" type="passive"/>
        <pin num="5" name="5" type="passive"/>
        <pin num="6" name="6" type="passive"/>
        <pin num="S1" name="SHIELD" type="passive"/>
        <pin num="S2" name="SHIELD" type="passive"/>
      </pins>
    </libpart>
    <libpart lib="ESP32-aqs" part="ESP32-WROOM-32">
      <fields>
        <field name="Reference">U</field>
        <field name="Value">ESP32-WROOM-32</field>
        <field name="Footprint">ESP32-WROOM-32:MODULE_ESP32-WROOM-32</field>
        <field name="MF">Espressif Systems</field>
        <field name="MAXIMUM_PACKAGE_HEIGHT">3.2 mm</field>
        <field name="Package">Non Standard Espressif Systems</field>
        <field name="Price">None</field>
        <field name="Check_prices">https://www.snapeda.com/parts/ESP32-WROOM-32/Espressif+Systems/view-part/?ref=eda</field>
        <field name="STANDARD">Manufacturer Recommendations</field>
        <field name="PARTREV">2.9</field>
        <field name="SnapEDA_Link">https://www.snapeda.com/parts/ESP32-WROOM-32/Espressif+Systems/view-part/?ref=snap</field>
        <field name="MP">ESP32-WROOM-32</field>
        <field name="Description">
Bluetooth, WiFi 802.11b/g/n, Bluetooth v4.2 +EDR, Class 1, 2 and 3 Transceiver Module 2.4GHz ~ 2.5GHz Antenna Not Included, U.FL Surface Mount
</field>
        <field name="Availability">Not in stock</field>
        <field name="MANUFACTURER">Espressif Systems</field>
      </fields>
      <pins>
        <pin num="1" name="GND" type="power_in"/>
        <pin num="2" name="3V3" type="power_in"/>
        <pin num="3" name="EN" type="input"/>
        <pin num="4" name="SENSOR_VP" type="input"/>
        <pin num="5" name="SENSOR_VN" type="input"/>
        <pin num="6" name="IO34" type="input"/>
        <pin num="7" name="IO35" type="input"/>
        <pin num="8" name="IO32" type="bidirectional"/>
        <pin num="9" name="IO33" type="bidirectional"/>
        <pin num="10" name="IO25" type="bidirectional"/>
        <pin num="11" name="IO26" type="bidirectional"/>
        <pin num="12" name="IO27" type="bidirectional"/>
        <pin num="13" name="IO14" type="bidirectional"/>
        <pin num="14" name="IO12" type="bidirectional"/>
        <pin num="15" name="GND" type="power_in"/>
        <pin num="16" name="IO13" type="bidirectional"/>
        <pin num="17" name="SHD/SD2" type="bidirectional"/>
        <pin num="18" name="SWP/SD3" type="bidirectional"/>
        <pin num="19" name="SCS/CMD" type="bidirectional"/>
        <pin num="20" name="SCK/CLK" type="bidirectional"/>
        <pin num="21" name="SDO/SD0" type="bidirectional"/>
        <pin num="22" name="SDI/SD1" type="bidirectional"/>
        <pin num="23" name="IO15" type="bidirectional"/>
        <pin num="24" name="IO2" type="bidirectional"/>
        <pin num="25" name="IO0" type="bidirectional"/>
        <pin num="26" name="IO4" type="bidirectional"/>
        <pin num="27" name="IO16" type="bidirectional"/>
        <pin num="28" name="IO17" type="bidirectional"/>
        <pin num="29" name="IO5" type="bidirectional"/>
        <pin num="30" name="IO18" type="bidirectional"/>
        <pin num="31" name="IO19" type="bidirectional"/>
        <pin num="32" name="NC" type="no_connect"/>
        <pin num="33" name="IO21" type="bidirectional"/>
        <pin num="34" name="RXD0" type="bidirectional"/>
        <pin num="35" name="TXD0" type="bidirectional"/>
        <pin num="36" name="IO22" type="bidirectional"/>
        <pin num="37" name="IO23" type="bidirectional"/>
        <pin num="38" name="GND" type="power_in"/>
        <pin num="39_1" name="GND" type="power_in"/>
        <pin num="39_2" name="GND" type="power_in"/>
        <pin num="39_3" name="GND" type="power_in"/>
        <pin num="39_4" name="GND" type="power_in"/>
        <pin num="39_5" name="GND" type="power_in"/>
        <pin num="39_6" name="GND" type="power_in"/>
        <pin num="39_7" name="GND" type="power_in"/>
        <pin num="39_8" name="GND" type="power_in"/>
        <pin num="39_9" name="GND" type="power_in"/>
        <pin num="39_10" name="GND" type="power_in"/>
        <pin num="39_11" name="GND" type="power_in"/>
        <pin num="39_12" name="GND" type="power_in"/>
        <pin num="39_13" name="GND" type="power_in"/>
        <pin num="39_14" name="GND" type="power_in"/>
        <pin num="39_15" name="GND" type="power_in"/>
        <pin num="39_16" name="GND" type="power_in"/>
        <pin num="39_17" name="GND" type="power_in"/>
        <pin num="39_18" name="GND" type="power_in"/>
        <pin num="39_19" name="GND" type="power_in"/>
        <pin num="39_20" name="GND" type="power_in"/>
        <pin num="39_21" name="GND" type="power_in"/>
      </pins>
    </libpart>
    <libpart lib="ESP32-aqs" part="SGP41-D-R4">
      <fields>
        <field name="Reference">U</field>
        <field name="Value">SGP41-D-R4</field>
        <field name="Footprint">XDCR_SGP41-D-R4</field>
        <field name="STANDARD">Manufacturer Recommendations</field>
        <field name="PARTREV">1.0</field>
        <field name="MANUFACTURER">Sensirion</field>
        <field name="MAXIMUM_PACKAGE_HEIGHT">0.95 mm</field>
      </fields>
      <pins>
        <pin num="1" name="VDD" type="power_in"/>
        <pin num="2" name="VSS" type="power_in"/>
        <pin num="3" name="SDA" type="bidirectional"/>
        <pin num="4" name="N/A" type="passive"/>
        <pin num="5" name="VDDH" type="power_in"/>
        <pin num="6" name="SCL" type="bidirectional"/>
        <pin num="7" name="EXP" type="power_in"/>
      </pins>
    </libpart>
    <libpart lib="ESP32-aqs" part="SX1276S8S+T-X1">
      <fields>
        <field name="Reference">U</field>
        <field name="Value">SX1276S8S+T-X1</field>
      </fields>
      <pins>
        <pin num="1" name="GND" type="input"/>
        <pin num="2" name="SO" type="input"/>
        <pin num="3" name="SI" type="input"/>
        <pin num="4" name="SCK" type="input"/>
        <pin num="5" name="NSS" type="input"/>
        <pin num="6" name="RST" type="input"/>
        <pin num="7" name="DIO5" type="input"/>
        <pin num="8" name="GND" type="input"/>
        <pin num="9" name="RF" type="input"/>
        <pin num="10" name="GND" type="input"/>
        <pin num="11" name="DIO3" type="input"/>
        <pin num="12" name="DIO4" type="input"/>
        <pin num="13" name="VCC" type="input"/>
        <pin num="14" name="DIO0" type="input"/>
        <pin num="15" name="DIO1" type="input"/>
        <pin num="16" name="DIO2" type="input"/>
      </pins>
    </libpart>
    <libpart lib="LUYTSM" part="LD1117S33TR_SOT223">
      <description>800mA Fixed Low Drop Positive Voltage Regulator, Fixed Output 3.3V, SOT-223</description>
      <docs>http://www.st.com/st-web-ui/static/active/en/resource/technical/document/datasheet/CD00000544.pdf</docs>
      <footprints>
        <fp>SOT?223*TabPin2*</fp>
      </footprints>
      <fields>
        <field name="Reference">U1</field>
        <field name="Value">LD1117S33TR_SOT223</field>
        <field name="Footprint">Package_TO_SOT_SMD:SOT-223-3_TabPin2</field>
        <field name="Datasheet">http://www.st.com/st-web-ui/static/active/en/resource/technical/document/datasheet/CD00000544.pdf</field>
      </fields>
      <pins>
        <pin num="1" name="GND" type="power_in"/>
        <pin num="2" name="VO" type="power_out"/>
        <pin num="3" name="VI" type="power_in"/>
      </pins>
    </libpart>
    <libpart lib="Mechanical" part="MountingHole">
      <description>Mounting Hole without connection</description>
      <docs>~</docs>
      <footprints>
        <fp>MountingHole*</fp>
      </footprints>
      <fields>
        <field name="Reference">H</field>
        <field name="Value">MountingHole</field>
        <field name="Datasheet">~</field>
      </fields>
    </libpart>
    <libpart lib="Switch" part="SW_DIP_x01">
      <description>1x DIP Switch, Single Pole Single Throw (SPST) switch, small symbol</description>
      <docs>~</docs>
      <footprints>
        <fp>SW?DIP?x1*</fp>
      </footprints>
      <fields>
        <field name="Reference">SW</field>
        <field name="Value">SW_DIP_x01</field>
        <field name="Datasheet">~</field>
      </fields>
      <pins>
        <pin num="1" name="" type="passive"/>
        <pin num="2" name="" type="passive"/>
      </pins>
    </libpart>
  </libparts>
  <libraries>
    <library logical="Connector">
      <uri>D:\jordy\Documents\Kicad\7.0\share\kicad\symbols\/Connector.kicad_sym</uri>
    </library>
    <library logical="Device">
      <uri>D:\jordy\Documents\Kicad\7.0\share\kicad\symbols\/Device.kicad_sym</uri>
    </library>
    <library logical="Mechanical">
      <uri>D:\jordy\Documents\Kicad\7.0\share\kicad\symbols\/Mechanical.kicad_sym</uri>
    </library>
    <library logical="Switch">
      <uri>D:\jordy\Documents\Kicad\7.0\share\kicad\symbols\/Switch.kicad_sym</uri>
    </library>
  </libraries>
  <nets>
    <net code="1" name="+3V3">
      <node ref="C2" pin="1" pintype="passive"/>
      <node ref="C3" pin="1" pintype="passive"/>
      <node ref="C4" pin="1" pintype="passive"/>
      <node ref="C6" pin="1" pintype="passive"/>
      <node ref="C7" pin="1" pintype="passive"/>
      <node ref="C8" pin="1" pintype="passive"/>
      <node ref="R1" pin="2" pintype="passive"/>
      <node ref="R3" pin="1" pintype="passive"/>
      <node ref="R4" pin="1" pintype="passive"/>
      <node ref="R5" pin="1" pintype="passive"/>
      <node ref="TP1" pin="1" pinfunction="1" pintype="passive"/>
      <node ref="U1" pin="2" pinfunction="VO" pintype="power_out"/>
      <node ref="U2" pin="2" pinfunction="3V3" pintype="power_in"/>
      <node ref="U3" pin="1" pinfunction="VDD" pintype="power_in"/>
      <node ref="U3" pin="5" pinfunction="VDDH" pintype="power_in"/>
      <node ref="U4" pin="13" pinfunction="VCC" pintype="input"/>
    </net>
    <net code="2" name="ANT">
      <node ref="C9" pin="2" pintype="passive"/>
      <node ref="R2" pin="1" pintype="passive"/>
      <node ref="U4" pin="9" pinfunction="RF" pintype="input"/>
    </net>
    <net code="3" name="BOOT">
      <node ref="SW2" pin="1" pintype="passive"/>
      <node ref="U2" pin="25" pinfunction="IO0" pintype="bidirectional"/>
    </net>
    <net code="4" name="CS">
      <node ref="U2" pin="29" pinfunction="IO5" pintype="bidirectional"/>
      <node ref="U4" pin="5" pinfunction="NSS" pintype="input"/>
    </net>
    <net code="5" name="EN">
      <node ref="C5" pin="1" pintype="passive"/>
      <node ref="R3" pin="2" pintype="passive"/>
      <node ref="SW1" pin="2" pintype="passive"/>
      <node ref="U2" pin="3" pinfunction="EN" pintype="input"/>
    </net>
    <net code="6" name="GND">
      <node ref="C1" pin="2" pintype="passive"/>
      <node ref="C10" pin="1" pintype="passive"/>
      <node ref="C2" pin="2" pintype="passive"/>
      <node ref="C3" pin="2" pintype="passive"/>
      <node ref="C4" pin="2" pintype="passive"/>
      <node ref="C5" pin="2" pintype="passive"/>
      <node ref="C6" pin="2" pintype="passive"/>
      <node ref="C7" pin="2" pintype="passive"/>
      <node ref="C8" pin="2" pintype="passive"/>
      <node ref="C9" pin="1" pintype="passive"/>
      <node ref="D1" pin="1" pinfunction="K" pintype="passive"/>
      <node ref="J1" pin="6" pinfunction="Pin_6" pintype="passive"/>
      <node ref="J2" pin="2" pinfunction="2" pintype="passive"/>
      <node ref="J2" pin="5" pinfunction="5" pintype="passive"/>
      <node ref="J3" pin="2" pinfunction="Ext" pintype="passive"/>
      <node ref="SW1" pin="1" pintype="passive"/>
      <node ref="SW2" pin="2" pintype="passive"/>
      <node ref="U1" pin="1" pinfunction="GND" pintype="power_in"/>
      <node ref="U2" pin="1" pinfunction="GND" pintype="power_in"/>
      <node ref="U2" pin="15" pinfunction="GND" pintype="power_in"/>
      <node ref="U2" pin="38" pinfunction="GND" pintype="power_in"/>
      <node ref="U2" pin="39_1" pinfunction="GND" pintype="power_in"/>
      <node ref="U2" pin="39_10" pinfunction="GND" pintype="power_in"/>
      <node ref="U2" pin="39_11" pinfunction="GND" pintype="power_in"/>
      <node ref="U2" pin="39_12" pinfunction="GND" pintype="power_in"/>
      <node ref="U2" pin="39_13" pinfunction="GND" pintype="power_in"/>
      <node ref="U2" pin="39_14" pinfunction="GND" pintype="power_in"/>
      <node ref="U2" pin="39_15" pinfunction="GND" pintype="power_in"/>
      <node ref="U2" pin="39_16" pinfunction="GND" pintype="power_in"/>
      <node ref="U2" pin="39_17" pinfunction="GND" pintype="power_in"/>
      <node ref="U2" pin="39_18" pinfunction="GND" pintype="power_in"/>
      <node ref="U2" pin="39_19" pinfunction="GND" pintype="power_in"/>
      <node ref="U2" pin="39_2" pinfunction="GND" pintype="power_in"/>
      <node ref="U2" pin="39_20" pinfunction="GND" pintype="power_in"/>
      <node ref="U2" pin="39_21" pinfunction="GND" pintype="power_in"/>
      <node ref="U2" pin="39_3" pinfunction="GND" pintype="power_in"/>
      <node ref="U2" pin="39_4" pinfunction="GND" pintype="power_in"/>
      <node ref="U2" pin="39_5" pinfunction="GND" pintype="power_in"/>
      <node ref="U2" pin="39_6" pinfunction="GND" pintype="power_in"/>
      <node ref="U2" pin="39_7" pinfunction="GND" pintype="power_in"/>
      <node ref="U2" pin="39_8" pinfunction="GND" pintype="power_in"/>
      <node ref="U2" pin="39_9" pinfunction="GND" pintype="power_in"/>
      <node ref="U3" pin="2" pinfunction="VSS" pintype="power_in"/>
      <node ref="U3" pin="4" pinfunction="N/A" pintype="passive"/>
      <node ref="U3" pin="7" pinfunction="EXP" pintype="power_in"/>
      <node ref="U4" pin="1" pinfunction="GND" pintype="input"/>
      <node ref="U4" pin="10" pinfunction="GND" pintype="input"/>
      <node ref="U4" pin="8" pinfunction="GND" pintype="input"/>
    </net>
    <net code="7" name="MISO">
      <node ref="U2" pin="31" pinfunction="IO19" pintype="bidirectional"/>
      <node ref="U4" pin="2" pinfunction="SO" pintype="input"/>
    </net>
    <net code="8" name="MOSI">
      <node ref="U2" pin="37" pinfunction="IO23" pintype="bidirectional"/>
      <node ref="U4" pin="3" pinfunction="SI" pintype="input"/>
    </net>
    <net code="9" name="Net-(D1-A)">
      <node ref="D1" pin="2" pinfunction="A" pintype="passive"/>
      <node ref="R1" pin="1" pintype="passive"/>
    </net>
    <net code="10" name="Net-(J3-In)">
      <node ref="C10" pin="2" pintype="passive"/>
      <node ref="J3" pin="1" pinfunction="In" pintype="passive"/>
      <node ref="R2" pin="2" pintype="passive"/>
    </net>
    <net code="11" name="RST">
      <node ref="U2" pin="13" pinfunction="IO14" pintype="bidirectional"/>
      <node ref="U4" pin="6" pinfunction="RST" pintype="input"/>
    </net>
    <net code="12" name="RX">
      <node ref="J1" pin="2" pinfunction="Pin_2" pintype="passive"/>
      <node ref="U2" pin="35" pinfunction="TXD0" pintype="bidirectional"/>
    </net>
    <net code="13" name="SCK">
      <node ref="U2" pin="30" pinfunction="IO18" pintype="bidirectional"/>
      <node ref="U4" pin="4" pinfunction="SCK" pintype="input"/>
    </net>
    <net code="14" name="SCL">
      <node ref="J2" pin="4" pinfunction="4" pintype="passive"/>
      <node ref="R5" pin="2" pintype="passive"/>
      <node ref="U2" pin="36" pinfunction="IO22" pintype="bidirectional"/>
      <node ref="U3" pin="6" pinfunction="SCL" pintype="bidirectional"/>
    </net>
    <net code="15" name="SDA">
      <node ref="J2" pin="3" pinfunction="3" pintype="passive"/>
      <node ref="R4" pin="2" pintype="passive"/>
      <node ref="U2" pin="33" pinfunction="IO21" pintype="bidirectional"/>
      <node ref="U3" pin="3" pinfunction="SDA" pintype="bidirectional"/>
    </net>
    <net code="16" name="TX">
      <node ref="J1" pin="3" pinfunction="Pin_3" pintype="passive"/>
      <node ref="U2" pin="34" pinfunction="RXD0" pintype="bidirectional"/>
    </net>
    <net code="17" name="VIN">
      <node ref="C1" pin="1" pintype="passive"/>
      <node ref="J1" pin="4" pinfunction="Pin_4" pintype="passive"/>
      <node ref="J2" pin="1" pinfunction="1" pintype="passive"/>
      <node ref="U1" pin="3" pinfunction="VI" pintype="power_in"/>
    </net>
    <net code="18" name="unconnected-(J1-Pin_1-Pad1)">
      <node ref="J1" pin="1" pinfunction="Pin_1" pintype="passive+no_connect"/>
    </net>
    <net code="19" name="unconnected-(J1-Pin_5-Pad5)">
      <node ref="J1" pin="5" pinfunction="Pin_5" pintype="passive+no_connect"/>
    </net>
    <net code="20" name="unconnected-(J2-Pad6)">
      <node ref="J2" pin="6" pinfunction="6" pintype="passive+no_connect"/>
    </net>
    <net code="21" name="unconnected-(J2-SHIELD-PadS1)">
      <node ref="J2" pin="S1" pinfunction="SHIELD" pintype="passive+no_connect"/>
      <node ref="J2" pin="S2" pinfunction="SHIELD" pintype="passive+no_connect"/>
    </net>
    <net code="22" name="unconnected-(U2-IO2-Pad24)">
      <node ref="U2" pin="24" pinfunction="IO2" pintype="bidirectional+no_connect"/>
    </net>
    <net code="23" name="unconnected-(U2-IO4-Pad26)">
      <node ref="U2" pin="26" pinfunction="IO4" pintype="bidirectional+no_connect"/>
    </net>
    <net code="24" name="unconnected-(U2-IO12-Pad14)">
      <node ref="U2" pin="14" pinfunction="IO12" pintype="bidirectional+no_connect"/>
    </net>
    <net code="25" name="unconnected-(U2-IO13-Pad16)">
      <node ref="U2" pin="16" pinfunction="IO13" pintype="bidirectional+no_connect"/>
    </net>
    <net code="26" name="unconnected-(U2-IO15-Pad23)">
      <node ref="U2" pin="23" pinfunction="IO15" pintype="bidirectional+no_connect"/>
    </net>
    <net code="27" name="unconnected-(U2-IO16-Pad27)">
      <node ref="U2" pin="27" pinfunction="IO16" pintype="bidirectional+no_connect"/>
    </net>
    <net code="28" name="unconnected-(U2-IO17-Pad28)">
      <node ref="U2" pin="28" pinfunction="IO17" pintype="bidirectional+no_connect"/>
    </net>
    <net code="29" name="unconnected-(U2-IO25-Pad10)">
      <node ref="U2" pin="10" pinfunction="IO25" pintype="bidirectional+no_connect"/>
    </net>
    <net code="30" name="unconnected-(U2-IO26-Pad11)">
      <node ref="U2" pin="11" pinfunction="IO26" pintype="bidirectional+no_connect"/>
    </net>
    <net code="31" name="unconnected-(U2-IO27-Pad12)">
      <node ref="U2" pin="12" pinfunction="IO27" pintype="bidirectional+no_connect"/>
    </net>
    <net code="32" name="unconnected-(U2-IO32-Pad8)">
      <node ref="U2" pin="8" pinfunction="IO32" pintype="bidirectional+no_connect"/>
    </net>
    <net code="33" name="unconnected-(U2-IO33-Pad9)">
      <node ref="U2" pin="9" pinfunction="IO33" pintype="bidirectional+no_connect"/>
    </net>
    <net code="34" name="unconnected-(U2-IO34-Pad6)">
      <node ref="U2" pin="6" pinfunction="IO34" pintype="input+no_connect"/>
    </net>
    <net code="35" name="unconnected-(U2-IO35-Pad7)">
      <node ref="U2" pin="7" pinfunction="IO35" pintype="input+no_connect"/>
    </net>
    <net code="36" name="unconnected-(U2-NC-Pad32)">
      <node ref="U2" pin="32" pinfunction="NC" pintype="no_connect"/>
    </net>
    <net code="37" name="unconnected-(U2-SCK{slash}CLK-Pad20)">
      <node ref="U2" pin="20" pinfunction="SCK/CLK" pintype="bidirectional+no_connect"/>
    </net>
    <net code="38" name="unconnected-(U2-SCS{slash}CMD-Pad19)">
      <node ref="U2" pin="19" pinfunction="SCS/CMD" pintype="bidirectional+no_connect"/>
    </net>
    <net code="39" name="unconnected-(U2-SDI{slash}SD1-Pad22)">
      <node ref="U2" pin="22" pinfunction="SDI/SD1" pintype="bidirectional+no_connect"/>
    </net>
    <net code="40" name="unconnected-(U2-SDO{slash}SD0-Pad21)">
      <node ref="U2" pin="21" pinfunction="SDO/SD0" pintype="bidirectional+no_connect"/>
    </net>
    <net code="41" name="unconnected-(U2-SENSOR_VN-Pad5)">
      <node ref="U2" pin="5" pinfunction="SENSOR_VN" pintype="input+no_connect"/>
    </net>
    <net code="42" name="unconnected-(U2-SENSOR_VP-Pad4)">
      <node ref="U2" pin="4" pinfunction="SENSOR_VP" pintype="input+no_connect"/>
    </net>
    <net code="43" name="unconnected-(U2-SHD{slash}SD2-Pad17)">
      <node ref="U2" pin="17" pinfunction="SHD/SD2" pintype="bidirectional+no_connect"/>
    </net>
    <net code="44" name="unconnected-(U2-SWP{slash}SD3-Pad18)">
      <node ref="U2" pin="18" pinfunction="SWP/SD3" pintype="bidirectional+no_connect"/>
    </net>
    <net code="45" name="unconnected-(U4-DIO0-Pad14)">
      <node ref="U4" pin="14" pinfunction="DIO0" pintype="input+no_connect"/>
    </net>
    <net code="46" name="unconnected-(U4-DIO1-Pad15)">
      <node ref="U4" pin="15" pinfunction="DIO1" pintype="input+no_connect"/>
    </net>
    <net code="47" name="unconnected-(U4-DIO2-Pad16)">
      <node ref="U4" pin="16" pinfunction="DIO2" pintype="input+no_connect"/>
    </net>
    <net code="48" name="unconnected-(U4-DIO3-Pad11)">
      <node ref="U4" pin="11" pinfunction="DIO3" pintype="input+no_connect"/>
    </net>
    <net code="49" name="unconnected-(U4-DIO4-Pad12)">
      <node ref="U4" pin="12" pinfunction="DIO4" pintype="input+no_connect"/>
    </net>
    <net code="50" name="unconnected-(U4-DIO5-Pad7)">
      <node ref="U4" pin="7" pinfunction="DIO5" pintype="input+no_connect"/>
    </net>
  </nets>
</export>
